feature_id,level_1,level_2,level_3
F000,Tổng quan,,
F001,CRM Core,Tổng khách hàng,
F002,CRM Core,Liên hệ,
F003,CRM Core,Doanh nghiệp,
F004,CRM Core,Lead,
F005,CRM Core,Bảng kanban,
F006,CRM Core,Trường tuỳ chỉnh,
F007,CRM Core,Thẻ,
F008,CRM Core,Nhập liên hệ,
F009,CRM Core,Trùng lặp,
F010,CRM Core,Công việc của tôi,
F011,CRM Core,Sức khoẻ khách hàng,
F012,CRM Core,Danh sách,
F013,CRM Core,Cảnh báo,
F014,Phễu bán hàng,Cơ hội bán,
F015,Phễu bán hàng,Báo cáo phễu,
F016,Phễu bán hàng,Bảng kanban,
F017,Phễu bán hàng,Danh sách,
F018,Phễu bán hàng,Pipelines,
F019,Phễu bán hàng,Dự báo,
F020,Phễu bán hàng,Mô phỏng what-if,
F021,Phễu bán hàng,Thắng / Thua,
F022,Phễu bán hàng,Hạn ngạch,
F023,Phễu bán hàng,Hạn ngạch của tôi,
F024,Phễu bán hàng,Kế hoạch hoa hồng,
F025,Phễu bán hàng,Chi trả,
F026,Phễu bán hàng,Hoa hồng của tôi,
F027,Phễu bán hàng,Quy trình phê duyệt,
F028,Phễu bán hàng,Phê duyệt,
F029,Phễu bán hàng,Lý do thất bại,
F030,Sản phẩm & Đơn hàng,Sản phẩm,
F031,Sản phẩm & Đơn hàng,Danh mục,
F032,Sản phẩm & Đơn hàng,Bảng giá,
F033,Sản phẩm & Đơn hàng,Chiết khấu,
F034,Sản phẩm & Đơn hàng,Tồn kho,
F035,Sản phẩm & Đơn hàng,Combo,
F036,Sản phẩm & Đơn hàng,Đơn hàng,
F037,Sản phẩm & Đơn hàng,Báo cáo đơn hàng,
F038,Thanh toán & Hợp đồng,Báo giá,
F039,Thanh toán & Hợp đồng,Hoá đơn,
F040,Thanh toán & Hợp đồng,Tuổi nợ,
F041,Thanh toán & Hợp đồng,Thanh toán,
F042,Thanh toán & Hợp đồng,Đối soát,
F043,Thanh toán & Hợp đồng,Tài khoản SePay,
F044,Thanh toán & Hợp đồng,Giao dịch SePay,
F045,Thanh toán & Hợp đồng,Cài đặt thanh toán,
F046,Thanh toán & Hợp đồng,Chữ ký điện tử,
F047,Email Marketing,Email Marketing,
F048,Email Marketing,Người đăng ký,
F049,Email Marketing,Lists,
F050,Email Marketing,Analytics,
F051,Email Marketing,Chuỗi email,
F052,Email Marketing,Tài khoản email,
F053,Email Marketing,Chiến dịch,
F054,Email Marketing,Mẫu email,
F055,Email Marketing,Biến mail,
F056,Email Marketing,Phân khúc,
F057,Email Marketing,Biểu mẫu,
F058,Landing & Phễu,Sơ đồ phễu,
F059,Landing & Phễu,Trang đích,
F060,Landing & Phễu,Tạo QR,
F061,Landing & Phễu,Gắn UTM,
F062,Landing & Phễu,Luồng tự động,
F063,Landing & Phễu,Mẫu luồng,
F064,Landing & Phễu,Lịch sử chạy,
F065,Landing & Phễu,Chấm điểm lead,
F066,Landing & Phễu,Phân công lead,
F067,Truyền thông,Hộp thư,
F068,Truyền thông,Quy tắc hộp thư,
F069,Truyền thông,SMS,
F070,Truyền thông,SMS Accounts,
F071,Truyền thông,Zalo ZNS,
F072,Truyền thông,Zalo OA,
F073,Báo cáo & Hiệu suất,Trang chủ,
F074,Báo cáo & Hiệu suất,Bảng điều khiển,
F075,Báo cáo & Hiệu suất,Báo cáo,
F076,Báo cáo & Hiệu suất,Mẫu báo cáo,
F077,Báo cáo & Hiệu suất,Lịch gửi báo cáo,
F078,Báo cáo & Hiệu suất,Xuất dữ liệu,
F079,Báo cáo & Hiệu suất,KPI Tree,
F080,Báo cáo & Hiệu suất,Mô phỏng what-if,
F081,Báo cáo & Hiệu suất,Phòng ban & Team,
F082,Báo cáo & Hiệu suất,OKR,
F083,Báo cáo & Hiệu suất,Cây liên kết,
F084,Báo cáo & Hiệu suất,Check-ins,
F085,Báo cáo & Hiệu suất,Tài chính,
F086,Báo cáo & Hiệu suất,Báo cáo P&L,
F087,Báo cáo & Hiệu suất,Bảng cân đối,
F088,Báo cáo & Hiệu suất,Lưu chuyển tiền tệ,
F089,Báo cáo & Hiệu suất,Hệ thống tài khoản,
F090,Báo cáo & Hiệu suất,Bút toán,
F091,Báo cáo & Hiệu suất,Ngân sách,
F092,Báo cáo & Hiệu suất,Trung tâm chi phí,
F093,Báo cáo & Hiệu suất,Độ trưởng thành,
F094,Báo cáo & Hiệu suất,Tổng quan,
F095,Affiliate,Affiliate Dashboard,
F096,Affiliate,Đại lý,
F097,Affiliate,Link giới thiệu,
F098,Affiliate,Chuyển đổi,
F099,Affiliate,Chi trả hoa hồng,
F100,Affiliate,Cài đặt,
F101,AI & Tự động hoá,Trợ lý AI,
F102,AI & Tự động hoá,Lịch sử trò chuyện,
F103,AI & Tự động hoá,Mức dùng AI,
F104,AI & Tự động hoá,Cấu hình AI,
F105,AI & Tự động hoá,Cảnh báo,
F106,AI & Tự động hoá,Quy tắc cảnh báo,
F107,AI & Tự động hoá,Thông báo,
F108,AI & Tự động hoá,Knowledge,
F109,AI & Tự động hoá,Tìm tài liệu,
F110,AI & Tự động hoá,Checklists,
F111,Kết nối & Dữ liệu,API & MCP,
F112,Kết nối & Dữ liệu,Kết nối AI,
F113,Kết nối & Dữ liệu,MCP,
F114,Kết nối & Dữ liệu,API docs,
F115,Kết nối & Dữ liệu,CLI,
F116,Kết nối & Dữ liệu,Google,
F117,Kết nối & Dữ liệu,Google Analytics,
F118,Kết nối & Dữ liệu,Google Sheets,
F119,Kết nối & Dữ liệu,Đồng bộ Sheet,
F120,Kết nối & Dữ liệu,WEDU sync,
F121,Kết nối & Dữ liệu,Nhật ký đồng bộ,
F122,Kết nối & Dữ liệu,Kênh kết nối,
F123,Kết nối & Dữ liệu,Dự án,
F124,Kết nối & Dữ liệu,Hành trình khách hàng,
F125,Kết nối & Dữ liệu,Nguồn & Hành trình,
F126,Kết nối & Dữ liệu,Webhook đẩy ra,
F127,Kết nối & Dữ liệu,Lead Sources,
F128,Kết nối & Dữ liệu,Quy tắc chuyển đổi,
F129,Kết nối & Dữ liệu,Webhook,
F130,Nội bộ công ty,Nhân sự,
F131,Nội bộ công ty,Sơ đồ tổ chức,
F132,Nội bộ công ty,Phòng ban,
F133,Nội bộ công ty,Vị trí,
F134,Nội bộ công ty,Dự án nội bộ,
F135,Nội bộ công ty,Gantt portfolio,
F136,Nội bộ công ty,ROI dự án,
F137,Cài đặt & Bảo mật,Hướng dẫn,
F138,Cài đặt & Bảo mật,Bảo mật,
F139,Cài đặt & Bảo mật,Đội nhóm,
F140,Cài đặt & Bảo mật,Hồ sơ,
F141,Cài đặt & Bảo mật,Roles,
F142,Cài đặt & Bảo mật,Phân quyền,
F143,Cài đặt & Bảo mật,Nhật ký kiểm toán,
F144,Cài đặt & Bảo mật,Quản trị toàn hệ thống,
